<?xml version="1.0" encoding="UTF-8"?>
<!DOCTYPE hibernate-mapping PUBLIC
        "-//Hibernate/Hibernate Mapping DTD 3.0//EN"
        "http://hibernate.sourceforge.net/hibernate-mapping-3.0.dtd">

<hibernate-mapping package="org.andres.hibernate.airlines.models">

	<class name="Aircraft" table="AIRCRAFT">
		<id name="id" column="ID">
			<generator class="foreign" />
		</id>
		<property name="model" column="MODEL" />
		<property name="registration" column="REGISTRATION" />
		<one-to-one name="pilot" cascade="persist,delete" lazy="false" />
	</class>

</hibernate-mapping> 